<?xml version="1.0" encoding="UTF-8"?>
<project-private xmlns="http://www.netbeans.org/ns/project-private/1">
    <editor-bookmarks xmlns="http://www.netbeans.org/ns/editor-bookmarks/2" lastBookmarkId="0"/>
    <open-files xmlns="http://www.netbeans.org/ns/projectui-open-files/2">
        <group>
            <file>file:/C:/Users/Bhavy/Documents/NetBeansProjects/Bicycle%20Sharing%20SYstem/web/login.jsp</file>
            <file>file:/C:/Users/Bhavy/Documents/NetBeansProjects/Bicycle%20Sharing%20SYstem/src/java/fareCal.java</file>
            <file>file:/C:/Users/Bhavy/Documents/NetBeansProjects/Bicycle%20Sharing%20SYstem/src/java/checkLogin.java</file>
            <file>file:/C:/Users/Bhavy/Documents/NetBeansProjects/Bicycle%20Sharing%20SYstem/web/issue.jsp</file>
        </group>
    </open-files>
</project-private>
